EquipmentType,PMService
1978 BUTLER FLAT BED TRAILER,PMTRL-6M
1978 BUTLER FLAT BED TRAILER,STATEINSP
1982 BAME TRAILER,PMTRL-6M
1982 BAME TRAILER,STATEINSP
1984 MULTIQUIP TRAILER,COOLANTSRV
1984 MULTIQUIP TRAILER,PM-LOF
1984 MULTIQUIP TRAILER,PMGEN-4M
1986 FORD 5610 TRACTOR,COOLANTSRV
1986 FORD 5610 TRACTOR,PM-LOF
1986 FORD 5610 TRACTOR,PMCE-4M
1986 FORD 5610 TRACTOR,SEATBELTINSP
1990 BETTER BUILT TRAILER,PMTRL-6M
1990 BETTER BUILT TRAILER,STATEINSP
1990 INTL 4900 CRANE TRUCK,COOLANTSRV
1990 INTL 4900 CRANE TRUCK,CRANEINSP
1990 INTL 4900 CRANE TRUCK,PM-LOF
1990 INTL 4900 CRANE TRUCK,PMHD-4M
1990 INTL 4900 CRANE TRUCK,STATEINSP
1990 INTL 4900 CRANE TRUCK,TRANSSERVICE
1992 DITCHWITCH TRENCHER,COOLANTSRV
1992 DITCHWITCH TRENCHER,PM-LOF
1992 DITCHWITCH TRENCHER,PMCE-6M
1992 DITCHWITCH TRENCHER,SEATBELTINSP
1994 JOHN DEERE 544G LOADER,PMLDR-2M
1995 REID DL15 TRAILER,PMHDTRL-4M
1995 REID DL15 TRAILER,STATEINSP
1995 SULLIVAN  185CFM COMP,COOLANTSRV
1995 SULLIVAN  185CFM COMP,PM-LOF
1995 SULLIVAN  185CFM COMP,PMCOMP-4M
1995 YALE GLP060 FORKLIFT,COOLANTSRV
1995 YALE GLP060 FORKLIFT,PM-LOF
1995 YALE GLP060 FORKLIFT,PMFORKLIFT
1996 FORD F-800 CRASH TRUCK,COOLANTSRV
1996 FORD F-800 CRASH TRUCK,PM-LOF
1996 FORD F-800 CRASH TRUCK,PMHD-4M
1996 FORD F-800 CRASH TRUCK,STATEINSP
1996 FORD F-800 CRASH TRUCK,TRANSSERVICE
1996 LEROY 185CFM COMP,COOLANTSRV
1996 LEROY 185CFM COMP,PM-LOF
1996 LEROY 185CFM COMP,PMCOMP-4M
1997 FORD AEROSTAR,100KSERVICE
1997 FORD AEROSTAR,COOLANTSRV
1997 FORD AEROSTAR,PM-LOF
1997 FORD AEROSTAR,PMLD-6M
1997 FORD AEROSTAR,STATEINSP
1997 FORD AEROSTAR,TRANSSERVICE
1997 FORD F-250 UB,100KSERVICE
1997 FORD F-250 UB,COOLANTSRV
1997 FORD F-250 UB,PM-LOF
1997 FORD F-250 UB,PMLD-6M
1997 FORD F-250 UB,STATEINSP
1997 FORD F-250 UB,TRANSSERVICE
1997 FORD RANGER,100KSERVICE
1997 FORD RANGER,COOLANTSRV
1997 FORD RANGER,PM-LOF
1997 FORD RANGER,PMLD-6M
1997 FORD RANGER,STATEINSP
1997 FORD RANGER,TRANSSERVICE
1997 GMC JIMMY 4X4 SUV,100KSERVICE
1997 GMC JIMMY 4X4 SUV,COOLANTSRV
1997 GMC JIMMY 4X4 SUV,PM-LOF
1997 GMC JIMMY 4X4 SUV,PMLD-6M
1997 GMC JIMMY 4X4 SUV,STATEINSP
1997 GMC JIMMY 4X4 SUV,TRANSSERVICE
1997 INTL 4900 10CY DT,COOLANTSRV
1997 INTL 4900 10CY DT,PM-LOF
1997 INTL 4900 10CY DT,PMHD-4M
1997 INTL 4900 10CY DT,STATEINSP
1997 INTL 4900 10CY DT,TRANSSERVICE
1997 JOHN DEERE 310E,COOLANTSRV
1997 JOHN DEERE 310E,PM-LOF
1997 JOHN DEERE 310E,PMBH-2M
1997 JOHN DEERE 310E,PMBH-1000H
1997 JOHN DEERE 310E,PMBH-2000H
1997 JOHN DEERE 310E,PMBH-500H
1998 BROCE STREET SWEEPER,COOLANTSRV
1998 BROCE STREET SWEEPER,PM-LOF
1998 BROCE STREET SWEEPER,PMCE-4M
1998 FORD F-150,100KSERVICE
1998 FORD F-150,COOLANTSRV
1998 FORD F-150,PM-LOF
1998 FORD F-150,PMLD-6M
1998 FORD F-150,STATEINSP
1998 FORD F-150,TRANSSERVICE
1998 JEEP CHEROKEE 4X4 SUV,100KSERVICE
1998 JEEP CHEROKEE 4X4 SUV,COOLANTSRV
1998 JEEP CHEROKEE 4X4 SUV,PM-LOF
1998 JEEP CHEROKEE 4X4 SUV,PMLD-6M
1998 JEEP CHEROKEE 4X4 SUV,STATEINSP
1998 JEEP CHEROKEE 4X4 SUV,TRANSSERVICE
1998 JOHN DEERE 310E,PMBH-1000H
1998 JOHN DEERE 310E,COOLANTSRV
1998 JOHN DEERE 310E,PM-LOF
1998 JOHN DEERE 310E,PMBH-2M
1998 JOHN DEERE 310E,PMBH-2000H
1998 JOHN DEERE 310E,PMBH-500H
1998 REID 15 TON TRAILER,PMHDTRL-4M
1998 REID 15 TON TRAILER,STATEINSP
1998 TERRAGATOR SPREADER,PM-LOF
1998 TERRAGATOR SPREADER,PMCE-4M
1999 FORD RANGER,100KSERVICE
1999 FORD RANGER,COOLANTSRV
1999 FORD RANGER,PM-LOF
1999 FORD RANGER,PMLD-6M
1999 FORD RANGER,STATEINSP
1999 FORD RANGER,TRANSSERVICE
2000 CHEVY C2500 HD UB,100KSERVICE
2000 CHEVY C2500 HD UB,COOLANTSRV
2000 CHEVY C2500 HD UB,PM-LOF
2000 CHEVY C2500 HD UB,PMLD-6M
2000 CHEVY C2500 HD UB,STATEINSP
2000 CHEVY C2500 HD UB,TRANSSERVICE
2000 CHEVY CAVALIER 4DR,100KSERVICE
2000 CHEVY CAVALIER 4DR,COOLANTSRV
2000 CHEVY CAVALIER 4DR,PM-LOF
2000 CHEVY CAVALIER 4DR,PMLD-6M
2000 CHEVY CAVALIER 4DR,STATEINSP
2000 CHEVY CAVALIER 4DR,TRANSSERVICE
2000 DODGE DAKOTA,100KSERVICE
2000 DODGE DAKOTA,COOLANTSRV
2000 DODGE DAKOTA,PM-LOF
2000 DODGE DAKOTA,PMLD-6M
2000 DODGE DAKOTA,STATEINSP
2000 DODGE DAKOTA,TRANSSERVICE
2000 DODGE DAKOTA EC,100KSERVICE
2000 DODGE DAKOTA EC,COOLANTSRV
2000 DODGE DAKOTA EC,PM-LOF
2000 DODGE DAKOTA EC,PMLD-6M
2000 DODGE DAKOTA EC,STATEINSP
2000 DODGE DAKOTA EC,TRANSSERVICE
2000 DODGE INTREPID 4DR,100KSERVICE
2000 DODGE INTREPID 4DR,COOLANTSRV
2000 DODGE INTREPID 4DR,PM-LOF
2000 DODGE INTREPID 4DR,PMLD-4M
2000 DODGE INTREPID 4DR,STATEINSP
2000 DODGE INTREPID 4DR,TRANSSERVICE
2000 GMC 1500 SIERRA EC,100KSERVICE
2000 GMC 1500 SIERRA EC,COOLANTSRV
2000 GMC 1500 SIERRA EC,PM-LOF
2000 GMC 1500 SIERRA EC,PMLD-6M
2000 GMC 1500 SIERRA EC,STATEINSP
2000 GMC 1500 SIERRA EC,TRANSSERVICE
2000 GMC C3500 HD UB,100KSERVICE
2000 GMC C3500 HD UB,COOLANTSRV
2000 GMC C3500 HD UB,PM-LOF
2000 GMC C3500 HD UB,PMLD-6M
2000 GMC C3500 HD UB,STATEINSP
2000 GMC C3500 HD UB,TRANSSERVICE
2000 JOHN DEERE 410E,PMBH-1000H
2000 JOHN DEERE 410E,COOLANTSRV
2000 JOHN DEERE 410E,PM-LOF
2000 JOHN DEERE 410E,PMBH-2M
2000 JOHN DEERE 410E,PMBH-2000H
2000 JOHN DEERE 410E,PMBH-500H
2001 CHEVY C2500 SILVERADO UB,100KSERVICE
2001 CHEVY C2500 SILVERADO UB,COOLANTSRV
2001 CHEVY C2500 SILVERADO UB,PM-LOF
2001 CHEVY C2500 SILVERADO UB,PMLD-6M
2001 CHEVY C2500 SILVERADO UB,STATEINSP
2001 CHEVY C2500 SILVERADO UB,TRANSSERVICE
2001 DODGE DAKOTA,100KSERVICE
2001 DODGE DAKOTA,COOLANTSRV
2001 DODGE DAKOTA,PM-LOF
2001 DODGE DAKOTA,PMLD-6M
2001 DODGE DAKOTA,STATEINSP
2001 DODGE DAKOTA,TRANSSERVICE
2001 DODGE DAKOTA 4X4,100KSERVICE
2001 DODGE DAKOTA 4X4,COOLANTSRV
2001 DODGE DAKOTA 4X4,PM-LOF
2001 DODGE DAKOTA 4X4,PMLD-4M
2001 DODGE DAKOTA 4X4,STATEINSP
2001 DODGE DAKOTA 4X4,TRANSSERVICE
2001 JEEP CHEROKEE 4X4 SUV,100KSERVICE
2001 JEEP CHEROKEE 4X4 SUV,COOLANTSRV
2001 JEEP CHEROKEE 4X4 SUV,PM-LOF
2001 JEEP CHEROKEE 4X4 SUV,PMLD-6M
2001 JEEP CHEROKEE 4X4 SUV,STATEINSP
2001 JEEP CHEROKEE 4X4 SUV,TRANSSERVICE
2002 CHEVY C2500 HD UB,100KSERVICE
2002 CHEVY C2500 HD UB,COOLANTSRV
2002 CHEVY C2500 HD UB,PM-LOF
2002 CHEVY C2500 HD UB,PMLD-6M
2002 CHEVY C2500 HD UB,STATEINSP
2002 CHEVY C2500 HD UB,TRANSSERVICE
2002 CHEVY C2500 UB,100KSERVICE
2002 CHEVY C2500 UB,COOLANTSRV
2002 CHEVY C2500 UB,PM-LOF
2002 CHEVY C2500 UB,PMLD-6M
2002 CHEVY C2500 UB,STATEINSP
2002 CHEVY C2500 UB,TRANSSERVICE
2002 DODGE RAM 1500,100KSERVICE
2002 DODGE RAM 1500,COOLANTSRV
2002 DODGE RAM 1500,PM-LOF
2002 DODGE RAM 1500,PMLD-6M
2002 DODGE RAM 1500,STATEINSP
2002 DODGE RAM 1500,TRANSSERVICE
2002 FORD EXPLORER 4X4 SUV,100KSERVICE
2002 FORD EXPLORER 4X4 SUV,COOLANTSRV
2002 FORD EXPLORER 4X4 SUV,PM-LOF
2002 FORD EXPLORER 4X4 SUV,PMLD-6M
2002 FORD EXPLORER 4X4 SUV,STATEINSP
2002 FORD EXPLORER 4X4 SUV,TRANSSERVICE
2002 FORD TAURUS 4DR,100KSERVICE
2002 FORD TAURUS 4DR,COOLANTSRV
2002 FORD TAURUS 4DR,PM-LOF
2002 FORD TAURUS 4DR,PMLD-6M
2002 FORD TAURUS 4DR,STATEINSP
2002 FORD TAURUS 4DR,TRANSSERVICE
2002 GMC 1500 4X4,100KSERVICE
2002 GMC 1500 4X4,COOLANTSRV
2002 GMC 1500 4X4,PM-LOF
2002 GMC 1500 4X4,PMLD-4M
2002 GMC 1500 4X4,STATEINSP
2002 GMC 1500 4X4,TRANSSERVICE
2002 INTL 4900 10CY DT,COOLANTSRV
2002 INTL 4900 10CY DT,PM-LOF
2002 INTL 4900 10CY DT,PMHD-4M
2002 INTL 4900 10CY DT,STATEINSP
2002 INTL 4900 10CY DT,TRANSSERVICE
2002 NEWHOLLAND BOOM AXE,PMLD-6M
2003 CHEVY C2500 4X4 EC,100KSERVICE
2003 CHEVY C2500 4X4 EC,COOLANTSRV
2003 CHEVY C2500 4X4 EC,PM-LOF
2003 CHEVY C2500 4X4 EC,PMLD-6M
2003 CHEVY C2500 4X4 EC,STATEINSP
2003 CHEVY C2500 4X4 EC,TRANSSERVICE
2003 CHEVY G3500 EXPRESS VAN,100KSERVICE
2003 CHEVY G3500 EXPRESS VAN,COOLANTSRV
2003 CHEVY G3500 EXPRESS VAN,PM-LOF
2003 CHEVY G3500 EXPRESS VAN,PMLD-6M
2003 CHEVY G3500 EXPRESS VAN,STATEINSP
2003 CHEVY G3500 EXPRESS VAN,TRANSSERVICE
2003 FORD F-150,100KSERVICE
2003 FORD F-150,COOLANTSRV
2003 FORD F-150,PM-LOF
2003 FORD F-150,PMLD-6M
2003 FORD F-150,STATEINSP
2003 FORD F-150,TRANSSERVICE
2003 FORD F-350 UB,100KSERVICE
2003 FORD F-350 UB,COOLANTSRV
2003 FORD F-350 UB,PM-LOF
2003 FORD F-350 UB,PMLD-4M
2003 FORD F-350 UB,STATEINSP
2003 FORD F-350 UB,TRANSSERVICE
2003 FORD F-550 CC 2CY DUMP,100KSERVICE
2003 FORD F-550 CC 2CY DUMP,COOLANTSRV
2003 FORD F-550 CC 2CY DUMP,PM-LOF
2003 FORD F-550 CC 2CY DUMP,PMLD-6M
2003 FORD F-550 CC 2CY DUMP,STATEINSP
2003 FORD F-550 CC 2CY DUMP,TRANSSERVICE
2003 INTL 7400 10CY DT,COOLANTSRV
2003 INTL 7400 10CY DT,PM-LOF
2003 INTL 7400 10CY DT,PMHD-4M
2003 INTL 7400 10CY DT,STATEINSP
2003 INTL 7400 10CY DT,TRANSSERVICE
2003 JOHN DEERE 410G,PMBH-1000H
2003 JOHN DEERE 410G,PMBH-1000H
2003 JOHN DEERE 410G,COOLANTSRV
2003 JOHN DEERE 410G,COOLANTSRV
2003 JOHN DEERE 410G,PM-LOF
2003 JOHN DEERE 410G,PM-LOF
2003 JOHN DEERE 410G,PMBH-2M
2003 JOHN DEERE 410G,PMBH-2000H
2003 JOHN DEERE 410G,PMBH-2000H
2003 JOHN DEERE 410G,PMBH-500H
2003 JOHN DEERE 410G,PMBH-500H
2004 CHEVY 2500 EXPRESS VAN,100KSERVICE
2004 CHEVY 2500 EXPRESS VAN,COOLANTSRV
2004 CHEVY 2500 EXPRESS VAN,PM-LOF
2004 CHEVY 2500 EXPRESS VAN,PMLD-6M
2004 CHEVY 2500 EXPRESS VAN,STATEINSP
2004 CHEVY 2500 EXPRESS VAN,TRANSSERVICE
2004 CHEVY ASTRO VAN,100KSERVICE
2004 CHEVY ASTRO VAN,COOLANTSRV
2004 CHEVY ASTRO VAN,PM-LOF
2004 CHEVY ASTRO VAN,PMLD-6M
2004 CHEVY ASTRO VAN,STATEINSP
2004 CHEVY ASTRO VAN,TRANSSERVICE
2004 CHEVY MALIBU 4DR,100KSERVICE
2004 CHEVY MALIBU 4DR,COOLANTSRV
2004 CHEVY MALIBU 4DR,PM-LOF
2004 CHEVY MALIBU 4DR,PMLD-4M
2004 CHEVY MALIBU 4DR,STATEINSP
2004 CHEVY MALIBU 4DR,TRANSSERVICE
2004 FRANKLIN BRUSH CUTTER,PM-LOF
2004 FRANKLIN BRUSH CUTTER,PMBRUSHCUT
2004 GMC C2500 4X4 UB,100KSERVICE
2004 GMC C2500 4X4 UB,COOLANTSRV
2004 GMC C2500 4X4 UB,PM-LOF
2004 GMC C2500 4X4 UB,PMLD-6M
2004 GMC C2500 4X4 UB,STATEINSP
2004 GMC C2500 4X4 UB,TRANSSERVICE
2004 GMC C2500 UB,100KSERVICE
2004 GMC C2500 UB,COOLANTSRV
2004 GMC C2500 UB,PM-LOF
2004 GMC C2500 UB,PMLD-6M
2004 GMC C2500 UB,STATEINSP
2004 GMC C2500 UB,TRANSSERVICE
2004 GMC K2500 4X4 UB,100KSERVICE
2004 GMC K2500 4X4 UB,COOLANTSRV
2004 GMC K2500 4X4 UB,PM-LOF
2004 GMC K2500 4X4 UB,PMLD-6M
2004 GMC K2500 4X4 UB,STATEINSP
2004 GMC K2500 4X4 UB,TRANSSERVICE
2004 INTL 7400 10CY DT,COOLANTSRV
2004 INTL 7400 10CY DT,PM-LOF
2004 INTL 7400 10CY DT,PMHD-4M
2004 INTL 7400 10CY DT,STATEINSP
2004 INTL 7400 10CY DT,TRANSSERVICE
2004 INTL 7600 ROAD TRACTOR,COOLANTSRV
2004 INTL 7600 ROAD TRACTOR,PM-LOF
2004 INTL 7600 ROAD TRACTOR,PMHD-4M
2004 INTL 7600 ROAD TRACTOR,STATEINSP
2004 INTL 7600 ROAD TRACTOR,TRANSSERVICE
2004 JOHN DEERE 410G,PMBH-2M
2004 WILLIAMSON  ZIPPER TRL,PMTRL-6M
2004 WILLIAMSON  ZIPPER TRL,STATEINSP
2004 YALE DIESEL FORKLIFT,COOLANTSRV
2004 YALE DIESEL FORKLIFT,PM-LOF
2004 YALE DIESEL FORKLIFT,SEATBELTINSP
2004 YALE DIESEL FORKLIFT,YALE19K-1K
2004 YALE DIESEL FORKLIFT,YALE19K-2K
2004 YALE DIESEL FORKLIFT,YALE19K-2M
2004 YALE DIESEL FORKLIFT,YALE19K-500H
2005 CHEVY COLORADO 4X4,100KSERVICE
2005 CHEVY COLORADO 4X4,COOLANTSRV
2005 CHEVY COLORADO 4X4,PM-LOF
2005 CHEVY COLORADO 4X4,PMLD-4M
2005 CHEVY COLORADO 4X4,STATEINSP
2005 CHEVY COLORADO 4X4,TRANSSERVICE
2005 INTERNATIONAL 7400 LT,COOLANTSRV
2005 INTERNATIONAL 7400 LT,PM-LOF
2005 INTERNATIONAL 7400 LT,PMHD-4M
2005 INTERNATIONAL 7400 LT,STATEINSP
2005 INTERNATIONAL 7400 LT,TRANSSERVICE
2005 ROAD KING BOAT TRAILER,PMTRL-4M
2005 ROAD KING BOAT TRAILER,STATEINSP
2005 SCORPION  CRASH CUSHION,PMCE-4M
2005 TALBERT LOWBOY TRAILER,PM-LOF
2005 TALBERT LOWBOY TRAILER,PMHDTRL-4M
2005 TALBERT LOWBOY TRAILER,STATEINSP
2006 CHEVY COLORADO,100KSERVICE
2006 CHEVY COLORADO,COOLANTSRV
2006 CHEVY COLORADO,PM-LOF
2006 CHEVY COLORADO,PMLD-6M
2006 CHEVY COLORADO,STATEINSP
2006 CHEVY COLORADO,TRANSSERVICE
2006 CHEVY COLORADO EC,100KSERVICE
2006 CHEVY COLORADO EC,COOLANTSRV
2006 CHEVY COLORADO EC,PM-LOF
2006 CHEVY COLORADO EC,PMLD-6M
2006 CHEVY COLORADO EC,STATEINSP
2006 CHEVY COLORADO EC,TRANSSERVICE
2006 CHEVY G3500 EXPRESS VAN,100KSERVICE
2006 CHEVY G3500 EXPRESS VAN,COOLANTSRV
2006 CHEVY G3500 EXPRESS VAN,PM-LOF
2006 CHEVY G3500 EXPRESS VAN,PMLD-6M
2006 CHEVY G3500 EXPRESS VAN,STATEINSP
2006 CHEVY G3500 EXPRESS VAN,TRANSSERVICE
2006 FORD E-150 VAN,100KSERVICE
2006 FORD E-150 VAN,COOLANTSRV
2006 FORD E-150 VAN,PM-LOF
2006 FORD E-150 VAN,PMLD-6M
2006 FORD E-150 VAN,STATEINSP
2006 FORD E-150 VAN,TRANSSERVICE
2006 GMC C2500 4X4  UB,100KSERVICE
2006 GMC C2500 4X4  UB,COOLANTSRV
2006 GMC C2500 4X4  UB,PM-LOF
2006 GMC C2500 4X4  UB,PMLD-6M
2006 GMC C2500 4X4  UB,STATEINSP
2006 GMC C2500 4X4  UB,TRANSSERVICE
2006 GMC C2500 UB,100KSERVICE
2006 GMC C2500 UB,COOLANTSRV
2006 GMC C2500 UB,PM-LOF
2006 GMC C2500 UB,PMLD-6M
2006 GMC C2500 UB,STATEINSP
2006 GMC C2500 UB,TRANSSERVICE
2006 HOMESTEADER ENC TRAILER,PMTRL-4M
2006 HOMESTEADER ENC TRAILER,STATEINSP
2006 INTERNATIONAL 7400 7CY DT,COOLANTSRV
2006 INTERNATIONAL 7400 7CY DT,PM-LOF
2006 INTERNATIONAL 7400 7CY DT,PMHD-4M
2006 INTERNATIONAL 7400 7CY DT,STATEINSP
2006 INTERNATIONAL 7400 7CY DT,TRANSSERVICE
2006 KOMATSU WA200-5 LOADER,COOLANTSRV
2006 KOMATSU WA200-5 LOADER,PM-LOF
2006 KOMATSU WA200-5 LOADER,PMLDR-1000H
2006 KOMATSU WA200-5 LOADER,PMLDR-2000H
2006 KOMATSU WA200-5 LOADER,PMLDR-2M
2006 KOMATSU WA200-5 LOADER,PMLDR-4000H
2006 KOMATSU WA200-5 LOADER,PMLDR-500H
2006 KOMATSU WA200-5 LOADER,SEATBELTINSP
2006 ROAD KING BOAT TRAILER,PMTRL-4M
2006 ROAD KING BOAT TRAILER,STATEINSP
2007 CHEVY COLORADO EC,100KSERVICE
2007 CHEVY COLORADO EC,COOLANTSRV
2007 CHEVY COLORADO EC,PM-LOF
2007 CHEVY COLORADO EC,PMLD-6M
2007 CHEVY COLORADO EC,STATEINSP
2007 CHEVY COLORADO EC,TRANSSERVICE
2007 CHEVY COLORADO EC 4X4,100KSERVICE
2007 CHEVY COLORADO EC 4X4,COOLANTSRV
2007 CHEVY COLORADO EC 4X4,PM-LOF
2007 CHEVY COLORADO EC 4X4,PMLD-6M
2007 CHEVY COLORADO EC 4X4,STATEINSP
2007 CHEVY COLORADO EC 4X4,TRANSSERVICE
2007 CHEVY G3500 EXPRESS,100KSERVICE
2007 CHEVY G3500 EXPRESS,COOLANTSRV
2007 CHEVY G3500 EXPRESS,PM-LOF
2007 CHEVY G3500 EXPRESS,PMLD-6M
2007 CHEVY G3500 EXPRESS,STATEINSP
2007 CHEVY G3500 EXPRESS,TRANSSERVICE
2007 CHEVY MALIBU 4DR,100KSERVICE
2007 CHEVY MALIBU 4DR,COOLANTSRV
2007 CHEVY MALIBU 4DR,PM-LOF
2007 CHEVY MALIBU 4DR,PMLD-6M
2007 CHEVY MALIBU 4DR,STATEINSP
2007 CHEVY MALIBU 4DR,TRANSSERVICE
2007 CLARK PROPANE FORKLIFT,PM-LOF
2007 CLARK PROPANE FORKLIFT,PMFORKLIFT
2007 DITCHWITCH ATTACHMENT,PMATTACH4M
2007 FORD F350 CC 4X4 2CY DUMP,100KSERVICE
2007 FORD F350 CC 4X4 2CY DUMP,COOLANTSRV
2007 FORD F350 CC 4X4 2CY DUMP,PM-LOF
2007 FORD F350 CC 4X4 2CY DUMP,PMLD-4M
2007 FORD F350 CC 4X4 2CY DUMP,STATEINSP
2007 FORD F350 CC 4X4 2CY DUMP,TRANSSERVICE
2007 FORD F-450 4X4 UB,COOLANTSRV
2007 FORD F-450 4X4 UB,PM-LOF
2007 FORD F-450 4X4 UB,PMLD-4M
2007 FORD F-450 4X4 UB,STATEINSP
2007 FORD F-450 4X4 UB,TRANSSERVICE
2007 FORD F-450 UB,COOLANTSRV
2007 FORD F-450 UB,PM-LOF
2007 FORD F-450 UB,PMLD-4M
2007 FORD F-450 UB,STATEINSP
2007 FORD F-450 UB,TRANSSERVICE
2007 FORD F-550 BUCKET TRUCK,100KSERVICE
2007 FORD F-550 BUCKET TRUCK,BUCKETINSP
2007 FORD F-550 BUCKET TRUCK,BUCKETPM-4M
2007 FORD F-550 BUCKET TRUCK,COOLANTSRV
2007 FORD F-550 BUCKET TRUCK,PM-LOF
2007 FORD F-550 BUCKET TRUCK,PMLD-4M
2007 FORD F-550 BUCKET TRUCK,STATEINSP
2007 FORD F-550 BUCKET TRUCK,TRANSSERVICE
2007 GMC 2500 HD,100KSERVICE
2007 GMC 2500 HD,COOLANTSRV
2007 GMC 2500 HD,PM-LOF
2007 GMC 2500 HD,PMLD-6M
2007 GMC 2500 HD,STATEINSP
2007 GMC 2500 HD,TRANSSERVICE
2007 GMC 2500 HD 4X4 UB,100KSERVICE
2007 GMC 2500 HD 4X4 UB,COOLANTSRV
2007 GMC 2500 HD 4X4 UB,PM-LOF
2007 GMC 2500 HD 4X4 UB,PMLD-6M
2007 GMC 2500 HD 4X4 UB,STATEINSP
2007 GMC 2500 HD 4X4 UB,TRANSSERVICE
2007 GMC 2500 HD UB,100KSERVICE
2007 GMC 2500 HD UB,COOLANTSRV
2007 GMC 2500 HD UB,PM-LOF
2007 GMC 2500 HD UB,PMLD-6M
2007 GMC 2500 HD UB,STATEINSP
2007 GMC 2500 HD UB,TRANSSERVICE
2007 HOMESTEADER ENC TRAILER,PMTRL-4M
2007 HOMESTEADER ENC TRAILER,STATEINSP
2007 JOHN DEERE 410J,PMBH-1000H
2007 JOHN DEERE 410J,PMBH-2000H
2007 JOHN DEERE 410J,COOLANTSRV
2007 JOHN DEERE 410J,PM-LOF
2007 JOHN DEERE 410J,PMBH-2M
2007 JOHN DEERE 410J,PMBH-500H
2007 STERLING ACTERRA 10CY DT,COOLANTSRV
2007 STERLING ACTERRA 10CY DT,PM-LOF
2007 STERLING ACTERRA 10CY DT,PMHD-4M
2007 STERLING ACTERRA 10CY DT,STATEINSP
2007 STERLING ACTERRA 10CY DT,TRANSSERVICE
2007 STERLING ACTERRA 15CY DT,COOLANTSRV
2007 STERLING ACTERRA 15CY DT,PM-LOF
2007 STERLING ACTERRA 15CY DT,PMHD-4M
2007 STERLING ACTERRA 15CY DT,STATEINSP
2007 STERLING ACTERRA 15CY DT,TRANSSERVICE
2007 STERLING ACTERRA 7CY DT,COOLANTSRV
2007 STERLING ACTERRA 7CY DT,PM-LOF
2007 STERLING ACTERRA 7CY DT,PMHD-4M
2007 STERLING ACTERRA 7CY DT,STATEINSP
2007 STERLING ACTERRA 7CY DT,TRANSSERVICE
2008 BOBCAT 430 EXCAVATOR,COOLANTSRV
2008 BOBCAT 430 EXCAVATOR,PM-LOF
2008 BOBCAT 430 EXCAVATOR,PMEXSM-1000H
2008 BOBCAT 430 EXCAVATOR,PMEXSM-2M
2008 BOBCAT 430 EXCAVATOR,PMEXSM-500H
2008 BOBCAT 430 EXCAVATOR,SEATBELTINSP
2008 CAT D3K LGP  DOZER,FLUIDSAMPLE
2008 CAT D3K LGP  DOZER,PM-LOF
2008 CAT D3K LGP  DOZER,PMDOZER1000H
2008 CAT D3K LGP  DOZER,PMDOZER1YR
2008 CAT D3K LGP  DOZER,PMDOZER2M
2008 CAT D3K LGP  DOZER,PMDOZER2YR
2008 CAT D3K LGP  DOZER,PMDOZER3YR
2008 CAT D3K LGP  DOZER,PMDOZER500H
2008 CAT D3K LGP  DOZER,PMDOZER5YR
2008 CAT D3K LGP  DOZER,SEATBELTINSP
2008 CHEVY 2500 EXPRESS VAN,100KSERVICE
2008 CHEVY 2500 EXPRESS VAN,COOLANTSRV
2008 CHEVY 2500 EXPRESS VAN,PM-LOF
2008 CHEVY 2500 EXPRESS VAN,PMLD-6M
2008 CHEVY 2500 EXPRESS VAN,STATEINSP
2008 CHEVY 2500 EXPRESS VAN,TRANSSERVICE
2008 DODGE GRAND CARAVAN,100KSERVICE
2008 DODGE GRAND CARAVAN,COOLANTSRV
2008 DODGE GRAND CARAVAN,PM-LOF
2008 DODGE GRAND CARAVAN,PMLD-6M
2008 DODGE GRAND CARAVAN,STATEINSP
2008 DODGE GRAND CARAVAN,TRANSSERVICE
2008 FORD EXPLORER 4X4 SUV,100KSERVICE
2008 FORD EXPLORER 4X4 SUV,COOLANTSRV
2008 FORD EXPLORER 4X4 SUV,PM-LOF
2008 FORD EXPLORER 4X4 SUV,PMLD-6M
2008 FORD EXPLORER 4X4 SUV,STATEINSP
2008 FORD EXPLORER 4X4 SUV,TRANSSERVICE
2008 FORD EXPLORER SUV,100KSERVICE
2008 FORD EXPLORER SUV,COOLANTSRV
2008 FORD EXPLORER SUV,PM-LOF
2008 FORD EXPLORER SUV,PMLD-6M
2008 FORD EXPLORER SUV,STATEINSP
2008 FORD EXPLORER SUV,TRANSSERVICE
2008 FORD F-150 EC,100KSERVICE
2008 FORD F-150 EC,COOLANTSRV
2008 FORD F-150 EC,PM-LOF
2008 FORD F-150 EC,PMLD-6M
2008 FORD F-150 EC,STATEINSP
2008 FORD F-150 EC,TRANSSERVICE
2008 FORD F-250,100KSERVICE
2008 FORD F-250,COOLANTSRV
2008 FORD F-250,PM-LOF
2008 FORD F-250,PMLD-4M
2008 FORD F-250,STATEINSP
2008 FORD F-250,TRANSSERVICE
2008 FORD F-250 UB,100KSERVICE
2008 FORD F-250 UB,COOLANTSRV
2008 FORD F-250 UB,PM-LOF
2008 FORD F-250 UB,PMLD-6M
2008 FORD F-250 UB,STATEINSP
2008 FORD F-250 UB,TRANSSERVICE
2008 FORD F-450 2CY DUMP,100KSERVICE
2008 FORD F-450 2CY DUMP,COOLANTSRV
2008 FORD F-450 2CY DUMP,PM-LOF
2008 FORD F-450 2CY DUMP,PMLD-6M
2008 FORD F-450 2CY DUMP,STATEINSP
2008 FORD F-450 2CY DUMP,TRANSSERVICE
2008 FORD F-550 CC 2CY DUMP,100KSERVICE
2008 FORD F-550 CC 2CY DUMP,COOLANTSRV
2008 FORD F-550 CC 2CY DUMP,PM-LOF
2008 FORD F-550 CC 2CY DUMP,PMLD-4M
2008 FORD F-550 CC 2CY DUMP,STATEINSP
2008 FORD F-550 CC 2CY DUMP,TRANSSERVICE
2008 FORD FUSION 4DR,100KSERVICE
2008 FORD FUSION 4DR,COOLANTSRV
2008 FORD FUSION 4DR,PM-LOF
2008 FORD FUSION 4DR,PMLD-6M
2008 FORD FUSION 4DR,STATEINSP
2008 FORD FUSION 4DR,TRANSSERVICE
2008 FORD RANGER EC,100KSERVICE
2008 FORD RANGER EC,COOLANTSRV
2008 FORD RANGER EC,PM-LOF
2008 FORD RANGER EC,PMLD-6M
2008 FORD RANGER EC,STATEINSP
2008 FORD RANGER EC,TRANSSERVICE
2008 HOMESTEADER DUMP TRAILER,PMTRL-6M
2008 HOMESTEADER DUMP TRAILER,STATEINSP
2008 JOHN DEERE 410J 4X4,PMBH-1000H
2008 JOHN DEERE 410J 4X4,PMBH-2000H
2008 JOHN DEERE 410J 4X4,COOLANTSRV
2008 JOHN DEERE 410J 4X4,PM-LOF
2008 JOHN DEERE 410J 4X4,PMBH-2M
2008 JOHN DEERE 410J 4X4,PMBH-500H
2008 JOHN DEERE CT332 CTL,PM-LOF
2008 JOHN DEERE CT332 CTL,PM332-1000H
2008 JOHN DEERE CT332 CTL,PM332-2K-5YR
2008 JOHN DEERE CT332 CTL,PM332-2M
2008 JOHN DEERE CT332 CTL,PM332-500H
2008 JOHN DEERE CT332 CTL,SEATBELTINSP
2008 JOHN DEERE RL84 BX ROLLER,PMATTACH4M
2008 LARK ENC TRAILER,PMTRL-4M
2008 LARK ENC TRAILER,STATEINSP
2008 MCLENDON 15 TON TRAILER,PMHDTRL-4M
2008 MCLENDON 15 TON TRAILER,STATEINSP
2008 MCLENDON 6 TON TRAILER,PMTRL-4M
2008 MCLENDON 6 TON TRAILER,STATEINSP
2008 SOLESBEE GRAPPLE,PMATTACH4M
2009 BRADCO DOZER BLADE,PMATTACH4M
2009 BRADCO ROOT RAKE,PMATTACH4M
2009 BRADCO STUMP GRINDER,PMATTACH4M
2009 FORD F-150,100KSERVICE
2009 FORD F-150,COOLANTSRV
2009 FORD F-150,PM-LOF
2009 FORD F-150,PMLD-6M
2009 FORD F-150,STATEINSP
2009 FORD F-150,TRANSSERVICE
2009 FORD F-250 UB,100KSERVICE
2009 FORD F-250 UB,COOLANTSRV
2009 FORD F-250 UB,PM-LOF
2009 FORD F-250 UB,PMLD-6M
2009 FORD F-250 UB,STATEINSP
2009 FORD F-250 UB,TRANSSERVICE
2009 GMC CANYON EC,100KSERVICE
2009 GMC CANYON EC,COOLANTSRV
2009 GMC CANYON EC,PM-LOF
2009 GMC CANYON EC,PMLD-6M
2009 GMC CANYON EC,STATEINSP
2009 GMC CANYON EC,TRANSSERVICE
2009 HOMESTEADER DUMP TRAILER,PMTRL-6M
2009 HOMESTEADER DUMP TRAILER,STATEINSP
2009 LEE BOY MOTOR GRADER,MGPM-4M
2009 LEE BOY MOTOR GRADER,MGPM1000H
2009 LEE BOY MOTOR GRADER,MGPM2000H
2009 LEE BOY MOTOR GRADER,MGPM500H
2009 LEE BOY MOTOR GRADER,PM-LOF
2009 LEE BOY MOTOR GRADER,SEATBELTINSP
2009 MCLENDON 15 TON TRAILER,PMHDTRL-4M
2009 MCLENDON 15 TON TRAILER,STATEINSP
2009 PIPEHUNTER VAC TRAILER,PMTRLVAC4M
2009 PIPEHUNTER VAC TRAILER,STATEINSP
2009 STERLING ACTERRA LT,COOLANTSRV
2009 STERLING ACTERRA LT,PM-LOF
2009 STERLING ACTERRA LT,PMHD-4M
2009 STERLING ACTERRA LT,STATEINSP
2009 STERLING ACTERRA LT,TRANSSERVICE
2010 FORD F-150 4X4,100KSERVICE
2010 FORD F-150 4X4,COOLANTSRV
2010 FORD F-150 4X4,PM-LOF
2010 FORD F-150 4X4,PMLD-6M
2010 FORD F-150 4X4,STATEINSP
2010 FORD F-150 4X4,TRANSSERVICE
2010 FORD F-150 EC 4X4,100KSERVICE
2010 FORD F-150 EC 4X4,COOLANTSRV
2010 FORD F-150 EC 4X4,PM-LOF
2010 FORD F-150 EC 4X4,PMLD-4M
2010 FORD F-150 EC 4X4,STATEINSP
2010 FORD F-150 EC 4X4,TRANSSERVICE
2010 FORD FUSION 4 DR,100KSERVICE
2010 FORD FUSION 4 DR,COOLANTSRV
2010 FORD FUSION 4 DR,PM-LOF
2010 FORD FUSION 4 DR,PMLD-6M
2010 FORD FUSION 4 DR,STATEINSP
2010 FORD FUSION 4 DR,TRANSSERVICE
2011 CHEVY COLORADO EC 4X4,100KSERVICE
2011 CHEVY COLORADO EC 4X4,COOLANTSRV
2011 CHEVY COLORADO EC 4X4,PM-LOF
2011 CHEVY COLORADO EC 4X4,PMLD-4M
2011 CHEVY COLORADO EC 4X4,STATEINSP
2011 CHEVY COLORADO EC 4X4,TRANSSERVICE
2011 FORD F-250 UB,100KSERVICE
2011 FORD F-250 UB,COOLANTSRV
2011 FORD F-250 UB,PM-LOF
2011 FORD F-250 UB,PMLD-6M
2011 FORD F-250 UB,STATEINSP
2011 FORD F-250 UB,TRANSSERVICE
2011 FORD F-550 CRANE UB,100KSERVICE
2011 FORD F-550 CRANE UB,COOLANTSRV
2011 FORD F-550 CRANE UB,PM-LOF
2011 FORD F-550 CRANE UB,PMLD-6M
2011 FORD F-550 CRANE UB,STATEINSP
2011 FORD F-550 CRANE UB,TRANSSERVICE
2011 FORD FUSION 4DR HYBRID,100KSERVICE
2011 FORD FUSION 4DR HYBRID,COOLANTSRV
2011 FORD FUSION 4DR HYBRID,PM-LOF
2011 FORD FUSION 4DR HYBRID,PMLD-4M
2011 FORD FUSION 4DR HYBRID,STATEINSP
2011 FORD FUSION 4DR HYBRID,TRANSSERVICE
2012 BRADCO HYD MOWER,PMATTACH2M
2012 CHEVY 1500 EXPRESS VAN,100KSERVICE
2012 CHEVY 1500 EXPRESS VAN,COOLANTSRV
2012 CHEVY 1500 EXPRESS VAN,PM-LOF
2012 CHEVY 1500 EXPRESS VAN,PMLD-6M
2012 CHEVY 1500 EXPRESS VAN,STATEINSP
2012 CHEVY 1500 EXPRESS VAN,TRANSSERVICE
2012 CHEVY C1500 EC,100KSERVICE
2012 CHEVY C1500 EC,COOLANTSRV
2012 CHEVY C1500 EC,PM-LOF
2012 CHEVY C1500 EC,PMLD-6M
2012 CHEVY C1500 EC,STATEINSP
2012 CHEVY C1500 EC,TRANSSERVICE
2012 FORD F-450 UB,100KSERVICE
2012 FORD F-450 UB,COOLANTSRV
2012 FORD F-450 UB,PM-LOF
2012 FORD F-450 UB,PMLD-6M
2012 FORD F-450 UB,STATEINSP
2012 FORD F-450 UB,TRANSSERVICE
2012 FORD F-550 CC 2CY DUMP,100KSERVICE
2012 FORD F-550 CC 2CY DUMP,COOLANTSRV
2012 FORD F-550 CC 2CY DUMP,PM-LOF
2012 FORD F-550 CC 2CY DUMP,PMLD-6M
2012 FORD F-550 CC 2CY DUMP,STATEINSP
2012 FORD F-550 CC 2CY DUMP,TRANSSERVICE
2012 FORD F-550 CRANE UB,100KSERVICE
2012 FORD F-550 CRANE UB,COOLANTSRV
2012 FORD F-550 CRANE UB,PM-LOF
2012 FORD F-550 CRANE UB,PMLD-6M
2012 FORD F-550 CRANE UB,STATEINSP
2012 FORD F-550 CRANE UB,TRANSSERVICE
2012 FORD TRANSIT CONNECT,100KSERVICE
2012 FORD TRANSIT CONNECT,COOLANTSRV
2012 FORD TRANSIT CONNECT,PM-LOF
2012 FORD TRANSIT CONNECT,PMLD-6M
2012 FORD TRANSIT CONNECT,STATEINSP
2012 FORD TRANSIT CONNECT,TRANSSERVICE
2012 FREIGHTLINER 10 CY DT,COOLANTSRV
2012 FREIGHTLINER 10 CY DT,PM-LOF
2012 FREIGHTLINER 10 CY DT,PMHD-4M
2012 FREIGHTLINER 10 CY DT,STATEINSP
2012 FREIGHTLINER 10 CY DT,TRANSSERVICE
2012 FREIGHTLINER 7CY DT,COOLANTSRV
2012 FREIGHTLINER 7CY DT,PM-LOF
2012 FREIGHTLINER 7CY DT,PMHD-4M
2012 FREIGHTLINER 7CY DT,STATEINSP
2012 FREIGHTLINER 7CY DT,TRANSSERVICE
2012 HOMEMADE SIFTER,PMCE-6M
2012 SPAULDING HOT PATCH TRL,PMHPTRL-4M
2012 SPAULDING HOT PATCH TRL,STATEINSP
2013 FORD F-250 UB,100KSERVICE
2013 FORD F-250 UB,COOLANTSRV
2013 FORD F-250 UB,PM-LOF
2013 FORD F-250 UB,PMLD-6M
2013 FORD F-250 UB,STATEINSP
2013 FORD F-250 UB,TRANSSERVICE
2013 FREIGHTLINER 7CY DT,COOLANTSRV
2013 FREIGHTLINER 7CY DT,PM-LOF
2013 FREIGHTLINER 7CY DT,PMHD-4M
2013 FREIGHTLINER 7CY DT,STATEINSP
2013 FREIGHTLINER 7CY DT,TRANSSERVICE
2013 FREIGHTLINER M2106 LT,COOLANTSRV
2013 FREIGHTLINER M2106 LT,PM-LOF
2013 FREIGHTLINER M2106 LT,PMHD-4M
2013 FREIGHTLINER M2106 LT,STATEINSP
2013 FREIGHTLINER M2106 LT,TRANSSERVICE
2013 GMC 2500 SAVANA VAN,100KSERVICE
2013 GMC 2500 SAVANA VAN,COOLANTSRV
2013 GMC 2500 SAVANA VAN,PM-LOF
2013 GMC 2500 SAVANA VAN,PMLD-6M
2013 GMC 2500 SAVANA VAN,STATEINSP
2013 GMC 2500 SAVANA VAN,TRANSSERVICE
2013 NEWHOLLAND WOODBOSS,COOLANTSRV
2013 NEWHOLLAND WOODBOSS,PM-LOF
2013 NEWHOLLAND WOODBOSS,PMCE-4M
2014 CAT 299D XHP CTL,COOLANTSRV
2014 CAT 299D XHP CTL,PM-LOF
2014 CAT 299D XHP CTL,PM299-1YR-1K
2014 CAT 299D XHP CTL,PM299-2M
2014 CAT 299D XHP CTL,PM299-2YR-2K
2014 CAT 299D XHP CTL,PM299-3YR-3K
2014 CAT 299D XHP CTL,PM299-500H
2014 CAT 299D XHP CTL,PM299-5YR
2014 CAT 299D XHP CTL,SEATBELTINSP
2014 CAT 308E2 CR EXCAVATOR,COOLANTSRV
2014 CAT 308E2 CR EXCAVATOR,PM-LOF
2014 CAT 308E2 CR EXCAVATOR,PM308-1000H
2014 CAT 308E2 CR EXCAVATOR,PM308-1YR
2014 CAT 308E2 CR EXCAVATOR,PM308-2000H
2014 CAT 308E2 CR EXCAVATOR,PM308-2M
2014 CAT 308E2 CR EXCAVATOR,PM308-3YR
2014 CAT 308E2 CR EXCAVATOR,PM308-500H
2014 CAT 308E2 CR EXCAVATOR,PM308-5YR
2014 CAT 308E2 CR EXCAVATOR,SEATBELTINSP
2014 CAT 324EL EXCAVATOR,COOLANTSRV
2014 CAT 324EL EXCAVATOR,PM-LOF
2014 CAT 324EL EXCAVATOR,PM324-2M
2014 CAT 324EL EXCAVATOR,PM324-3YR
2014 CAT 324EL EXCAVATOR,PM324-5000H
2014 CAT 324EL EXCAVATOR,PM324-500H
2014 CAT 324EL EXCAVATOR,PM324-5YR
2014 CAT 324EL EXCAVATOR,SEATBELTINSP
2014 CHEVY 1500 EXPRESS VAN,100KSERVICE
2014 CHEVY 1500 EXPRESS VAN,COOLANTSRV
2014 CHEVY 1500 EXPRESS VAN,PM-LOF
2014 CHEVY 1500 EXPRESS VAN,PMLD-6M
2014 CHEVY 1500 EXPRESS VAN,STATEINSP
2014 CHEVY 1500 EXPRESS VAN,TRANSSERVICE
2014 FECON CTL MULCHER HEAD,PMATTACH2M
2014 FREIGHTLINER 10 CY DT,COOLANTSRV
2014 FREIGHTLINER 10 CY DT,PM-LOF
2014 FREIGHTLINER 10 CY DT,PMHD-4M
2014 FREIGHTLINER 10 CY DT,STATEINSP
2014 FREIGHTLINER 10 CY DT,TRANSSERVICE
2014 JEEP COMPASS 4X4 SUV,100KSERVICE
2014 JEEP COMPASS 4X4 SUV,COOLANTSRV
2014 JEEP COMPASS 4X4 SUV,PM-LOF
2014 JEEP COMPASS 4X4 SUV,PMLD-6M
2014 JEEP COMPASS 4X4 SUV,STATEINSP
2014 JEEP COMPASS 4X4 SUV,TRANSSERVICE
2014 KOMATSU WA270-7 LOADER,COOLANTSRV
2014 KOMATSU WA270-7 LOADER,PM-LOF
2014 KOMATSU WA270-7 LOADER,PMLDR-1000H
2014 KOMATSU WA270-7 LOADER,PMLDR-2000H
2014 KOMATSU WA270-7 LOADER,PMLDR-2M
2014 KOMATSU WA270-7 LOADER,PMLDR-4000H
2014 KOMATSU WA270-7 LOADER,PMLDR-500H
2014 KOMATSU WA270-7 LOADER,SEATBELTINSP
2014 MAGNUM PORTABLE GEN,COOLANTSRV
2014 MAGNUM PORTABLE GEN,PM-LOF
2014 MAGNUM PORTABLE GEN,PMGEN-4M
2014 MAGNUM PORTABLE GEN,STATEINSP
2015 FORD F-250 UB,100KSERVICE
2015 FORD F-250 UB,COOLANTSRV
2015 FORD F-250 UB,PM-LOF
2015 FORD F-250 UB,PMLD-6M
2015 FORD F-250 UB,STATEINSP
2015 FORD F-250 UB,TRANSSERVICE
2015 FORD F-350 CC 4X4 DUMP,100KSERVICE
2015 FORD F-350 CC 4X4 DUMP,COOLANTSRV
2015 FORD F-350 CC 4X4 DUMP,PM-LOF
2015 FORD F-350 CC 4X4 DUMP,PMLD-6M
2015 FORD F-350 CC 4X4 DUMP,STATEINSP
2015 FORD F-350 CC 4X4 DUMP,TRANSSERVICE
2015 NISSAN FRONTIER EC,100KSERVICE
2015 NISSAN FRONTIER EC,COOLANTSRV
2015 NISSAN FRONTIER EC,PM-LOF
2015 NISSAN FRONTIER EC,PMLD-6M
2015 NISSAN FRONTIER EC,STATEINSP
2015 NISSAN FRONTIER EC,TRANSSERVICE
